legacy_dept_nm,role_id,role_nm
경영기획부문,BP_S,1.재무회계_거래처조회권한
경영기획부문,E_BOM_S,9.표준설계_EBOM조회권한
경영기획부문,M_BOM_S,5.생산관리_MBOM조회권한
경영기획부문,MATE_S,4.구매관리_구매일반조회권한
경영기획부문,MRP_S,5.생산관리_MRP 조회권한
경영기획부문,PR_S,4.구매관리_구매요청조회권한
경영기획부문,PRNT_S,5.생산관리_생산실적조회권한
경영기획부문,PROD_IN_S,5.생산관리_생산기준조회권한
경영기획부문,PROD_S,5.생산관리_제조오더조회권한
경영기획부문,SHAR_S,0.공통_공유권한
경영기획부문,STOC_PR_S,6.자재물류_자재출고이동요청조회권한
경영기획부문,STOC_RO_S,6.자재물류_자재물류조회권한
경영기획부문,STOC_S,6.자재물류_재고관리조회권한
경영기획팀,ACCT_BUDGET_AUTH,1.재무회계_예산관리자
경영기획팀,ACCT_ZS,1.재무회계_거래처잔액원장 조회권한
경영기획팀,BP_S,1.재무회계_거래처조회권한
경영기획팀,E_BOM_S,9.표준설계_EBOM조회권한
경영기획팀,ITEM_S,9.표준설계_품목코드조회권한
경영기획팀,M_BOM_S,5.생산관리_MBOM조회권한
경영기획팀,MATE_S,4.구매관리_구매일반조회권한
경영기획팀,MRP_S,5.생산관리_MRP 조회권한
경영기획팀,PR_S,4.구매관리_구매요청조회권한
경영기획팀,PRNT_S,5.생산관리_생산실적조회권한
경영기획팀,PROD_S,5.생산관리_제조오더조회권한
경영기획팀,S_DN_REQ_S,3.영업관리_출하요청조회권한
경영기획팀,SHAR_S,0.공통_공유권한
경영기획팀,STOC_PR_S,6.자재물류_자재출고이동요청조회권한
경영기획팀,STOC_RO_S,6.자재물류_자재물류조회권한
경영기획팀,STOC_S,6.자재물류_재고관리조회권한
경영지원부문,SHAR_S,0.공통_공유권한
공정설계팀,BP_S,1.재무회계_거래처조회권한
공정설계팀,E_BOM_I,9.표준설계_EBOM등록권한
공정설계팀,E_BOM_S,9.표준설계_EBOM조회권한
공정설계팀,ITEM_I,9.표준설계_품목정보등록권한
공정설계팀,ITEM_S,9.표준설계_품목코드조회권한
공정설계팀,M_BOM_I,5.생산관리_MBOM등록권한
공정설계팀,M_BOM_S,5.생산관리_MBOM조회권한
공정설계팀,MATE_S,4.구매관리_구매일반조회권한
공정설계팀,MRP_S,5.생산관리_MRP 조회권한
공정설계팀,PR_I,4.구매관리_구매요청등록권한
공정설계팀,PR_S,4.구매관리_구매요청조회권한
공정설계팀,PROD_S,5.생산관리_제조오더조회권한
공정설계팀,S_DN_REQ_S,3.영업관리_출하요청조회권한
공정설계팀,SHAR_S,0.공통_공유권한
공정설계팀,STOC_PR_S,6.자재물류_자재출고이동요청조회권한
공정설계팀,STOC_RO_S,6.자재물류_자재물류조회권한
공정설계팀,STOC_S,6.자재물류_재고관리조회권한
구매팀,BP_S,1.재무회계_거래처조회권한
구매팀,E_BOM_S,9.표준설계_EBOM조회권한
구매팀,ITEM_S,9.표준설계_품목코드조회권한
구매팀,M_BOM_S,5.생산관리_MBOM조회권한
구매팀,MATE_I,4.구매관리_구매관리등록권한
구매팀,MATE_IN_I,4.구매관리_기준정보등록권한
구매팀,MATE_S,4.구매관리_구매일반조회권한
구매팀,MRP_S,5.생산관리_MRP 조회권한
구매팀,PR_I,4.구매관리_구매요청등록권한
구매팀,PR_S,4.구매관리_구매요청조회권한
구매팀,PROD_S,5.생산관리_제조오더조회권한
구매팀,S_DN_REQ_S,3.영업관리_출하요청조회권한
구매팀,SHAR_S,0.공통_공유권한
구매팀,STOC_PR_I,6.자재물류_자재출고이동요청권한
구매팀,STOC_PR_S,6.자재물류_자재출고이동요청조회권한
구매팀,STOC_RO_S,6.자재물류_자재물류조회권한
구매팀,STOC_S,6.자재물류_재고관리조회권한
기계설계팀,BP_S,1.재무회계_거래처조회권한
기계설계팀,E_BOM_I,9.표준설계_EBOM등록권한
기계설계팀,E_BOM_S,9.표준설계_EBOM조회권한
기계설계팀,ITEM_I,9.표준설계_품목정보등록권한
기계설계팀,ITEM_S,9.표준설계_품목코드조회권한
기계설계팀,M_BOM_I,5.생산관리_MBOM등록권한
기계설계팀,M_BOM_S,5.생산관리_MBOM조회권한
기계설계팀,MATE_S,4.구매관리_구매일반조회권한
기계설계팀,MRP_S,5.생산관리_MRP 조회권한
기계설계팀,PR_I,4.구매관리_구매요청등록권한
기계설계팀,PR_S,4.구매관리_구매요청조회권한
기계설계팀,PROD_S,5.생산관리_제조오더조회권한
기계설계팀,S_DN_REQ_S,3.영업관리_출하요청조회권한
기계설계팀,SHAR_S,0.공통_공유권한
기계설계팀,STOC_PR_S,6.자재물류_자재출고이동요청조회권한
기계설계팀,STOC_RO_S,6.자재물류_자재물류조회권한
기계설계팀,STOC_S,6.자재물류_재고관리조회권한
내부회계관리팀,ACCT_BUDGET_AUTH,1.재무회계_예산관리자
내부회계관리팀,ACCT_J_S,1.재무회계_재무회계조회권한
내부회계관리팀,ACCT_S_A,"1.재무회계_전체모듈 조회 권한(시스템,인사 제외)"
내부회계관리팀,BP_S,1.재무회계_거래처조회권한
내부회계관리팀,E_BOM_S,9.표준설계_EBOM조회권한
내부회계관리팀,ITEM_S,9.표준설계_품목코드조회권한
내부회계관리팀,PR_S,4.구매관리_구매요청조회권한
내부회계관리팀,PROD_S,5.생산관리_제조오더조회권한
내부회계관리팀,S_DN_REQ_S,3.영업관리_출하요청조회권한
내부회계관리팀,SHAR_S,0.공통_공유권한
내부회계관리팀,STOC_PR_S,6.자재물류_자재출고이동요청조회권한
내부회계관리팀,STOC_RO_S,6.자재물류_자재물류조회권한
내부회계관리팀,STOC_S,6.자재물류_재고관리조회권한
방산제약사업팀,BP_S,1.재무회계_거래처조회권한
방산제약사업팀,E_BOM_S,9.표준설계_EBOM조회권한
방산제약사업팀,ITEM_S,9.표준설계_품목코드조회권한
방산제약사업팀,M_BOM_S,5.생산관리_MBOM조회권한
방산제약사업팀,MATE_S,4.구매관리_구매일반조회권한
방산제약사업팀,MRP_S,5.생산관리_MRP 조회권한
방산제약사업팀,PMS_I,7.사업관리_프로젝트등록권한
방산제약사업팀,PMS_S,7.사업관리_프로젝트조회권한
방산제약사업팀,PR_I,4.구매관리_구매요청등록권한
방산제약사업팀,PR_S,4.구매관리_구매요청조회권한
방산제약사업팀,PROD_S,5.생산관리_제조오더조회권한
방산제약사업팀,S_DN_REQ_S,3.영업관리_출하요청조회권한
방산제약사업팀,S_DN_S,6.자재물류_출하조회권한
방산제약사업팀,SHAR_Q,0.공통_설정권한
방산제약사업팀,SHAR_S,0.공통_공유권한
방산제약사업팀,STOC_PR_I,6.자재물류_자재출고이동요청권한
방산제약사업팀,STOC_PR_S,6.자재물류_자재출고이동요청조회권한
방산제약사업팀,STOC_RO_S,6.자재물류_자재물류조회권한
방산제약사업팀,STOC_S,6.자재물류_재고관리조회권한
사업관리1팀,BP_S,1.재무회계_거래처조회권한
사업관리1팀,E_BOM_S,9.표준설계_EBOM조회권한
사업관리1팀,ITEM_S,9.표준설계_품목코드조회권한
사업관리1팀,M_BOM_S,5.생산관리_MBOM조회권한
사업관리1팀,MATE_S,4.구매관리_구매일반조회권한
사업관리1팀,MRP_S,5.생산관리_MRP 조회권한
사업관리1팀,PMS_I,7.사업관리_프로젝트등록권한
사업관리1팀,PMS_S,7.사업관리_프로젝트조회권한
사업관리1팀,PR_I,4.구매관리_구매요청등록권한
사업관리1팀,PR_S,4.구매관리_구매요청조회권한
사업관리1팀,PRNT_S,5.생산관리_생산실적조회권한
사업관리1팀,PROD_S,5.생산관리_제조오더조회권한
사업관리1팀,S_DN_REQ_I,3.영업관리_출하요청등록권한
사업관리1팀,S_DN_REQ_S,3.영업관리_출하요청조회권한
사업관리1팀,S_DN_S,6.자재물류_출하조회권한
사업관리1팀,SHAR_S,0.공통_공유권한
사업관리1팀,STOC_PR_I,6.자재물류_자재출고이동요청권한
사업관리1팀,STOC_PR_S,6.자재물류_자재출고이동요청조회권한
사업관리1팀,STOC_RO_S,6.자재물류_자재물류조회권한
사업관리1팀,STOC_S,6.자재물류_재고관리조회권한
사업관리2팀,BP_S,1.재무회계_거래처조회권한
사업관리2팀,E_BOM_S,9.표준설계_EBOM조회권한
사업관리2팀,ITEM_S,9.표준설계_품목코드조회권한
사업관리2팀,M_BOM_S,5.생산관리_MBOM조회권한
사업관리2팀,MATE_S,4.구매관리_구매일반조회권한
사업관리2팀,MRP_S,5.생산관리_MRP 조회권한
사업관리2팀,PMS_I,7.사업관리_프로젝트등록권한
사업관리2팀,PMS_S,7.사업관리_프로젝트조회권한
사업관리2팀,PR_I,4.구매관리_구매요청등록권한
사업관리2팀,PR_S,4.구매관리_구매요청조회권한
사업관리2팀,PRNT_S,5.생산관리_생산실적조회권한
사업관리2팀,PROD_S,5.생산관리_제조오더조회권한
사업관리2팀,S_DN_REQ_I,3.영업관리_출하요청등록권한
사업관리2팀,S_DN_REQ_S,3.영업관리_출하요청조회권한
사업관리2팀,S_DN_S,6.자재물류_출하조회권한
사업관리2팀,SHAR_S,0.공통_공유권한
사업관리2팀,STOC_PR_I,6.자재물류_자재출고이동요청권한
사업관리2팀,STOC_PR_S,6.자재물류_자재출고이동요청조회권한
사업관리2팀,STOC_RO_S,6.자재물류_자재물류조회권한
사업관리2팀,STOC_S,6.자재물류_재고관리조회권한
생산팀,BP_S,1.재무회계_거래처조회권한
생산팀,E_BOM_S,9.표준설계_EBOM조회권한
생산팀,ITEM_I,9.표준설계_품목정보등록권한
생산팀,ITEM_S,9.표준설계_품목코드조회권한
생산팀,M_BOM_I,5.생산관리_MBOM등록권한
생산팀,M_BOM_S,5.생산관리_MBOM조회권한
생산팀,MATE_IN_2,4.구매관리_구매입고권한
생산팀,MATE_S,4.구매관리_구매일반조회권한
생산팀,MRP_I,5.생산관리_MRP 실행권한
생산팀,MRP_S,5.생산관리_MRP 조회권한
생산팀,PR_I,4.구매관리_구매요청등록권한
생산팀,PR_S,4.구매관리_구매요청조회권한
생산팀,PRNT_I,5.생산관리_생산실적등록권한
생산팀,PRNT_S,5.생산관리_생산실적조회권한
생산팀,PROD_I,5.생산관리_제조오더생성권한
생산팀,PROD_IN_I,5.생산관리_생산기준등록권한
생산팀,PROD_IN_S,5.생산관리_생산기준조회권한
생산팀,PROD_S,5.생산관리_제조오더조회권한
생산팀,S_DN_E,6.자재물류_출하등록(예외)
생산팀,S_DN_REQ_S,3.영업관리_출하요청조회권한
생산팀,S_DN_S,6.자재물류_출하조회권한
생산팀,SHAR_S,0.공통_공유권한
생산팀,STOC_PR_I,6.자재물류_자재출고이동요청권한
생산팀,STOC_PR_S,6.자재물류_자재출고이동요청조회권한
생산팀,STOC_RO_S,6.자재물류_자재물류조회권한
생산팀,STOC_S,6.자재물류_재고관리조회권한
설계부문,BP_S,1.재무회계_거래처조회권한
설계부문,E_BOM_S,9.표준설계_EBOM조회권한
설계부문,ITEM_I,9.표준설계_품목정보등록권한
설계부문,ITEM_S,9.표준설계_품목코드조회권한
설계부문,M_BOM_S,5.생산관리_MBOM조회권한
설계부문,MATE_S,4.구매관리_구매일반조회권한
설계부문,MRP_S,5.생산관리_MRP 조회권한
설계부문,PR_I,4.구매관리_구매요청등록권한
설계부문,PR_S,4.구매관리_구매요청조회권한
설계부문,PRNT_S,5.생산관리_생산실적조회권한
설계부문,PROD_IN_S,5.생산관리_생산기준조회권한
설계부문,PROD_S,5.생산관리_제조오더조회권한
설계부문,S_DN_REQ_S,3.영업관리_출하요청조회권한
설계부문,SHAR_S,0.공통_공유권한
설계부문,STOC_PR_I,6.자재물류_자재출고이동요청권한
설계부문,STOC_PR_S,6.자재물류_자재출고이동요청조회권한
설계부문,STOC_RO_S,6.자재물류_자재물류조회권한
설계부문,STOC_S,6.자재물류_재고관리조회권한
스웨덴기술팀,BP_S,1.재무회계_거래처조회권한
스웨덴기술팀,ITEM_S,9.표준설계_품목코드조회권한
스웨덴기술팀,M_BOM_S,5.생산관리_MBOM조회권한
스웨덴기술팀,MATE_S,4.구매관리_구매일반조회권한
스웨덴기술팀,MRP_S,5.생산관리_MRP 조회권한
스웨덴기술팀,PR_I,4.구매관리_구매요청등록권한
스웨덴기술팀,PR_S,4.구매관리_구매요청조회권한
스웨덴기술팀,PROD_S,5.생산관리_제조오더조회권한
스웨덴기술팀,S_DN_REQ_S,3.영업관리_출하요청조회권한
스웨덴기술팀,S_DN_S,6.자재물류_출하조회권한
스웨덴기술팀,SHAR_S,0.공통_공유권한
스웨덴기술팀,STOC_PR_I,6.자재물류_자재출고이동요청권한
스웨덴기술팀,STOC_PR_S,6.자재물류_자재출고이동요청조회권한
스웨덴기술팀,STOC_RO_S,6.자재물류_자재물류조회권한
스웨덴기술팀,STOC_S,6.자재물류_재고관리조회권한
영업부문,BP_S,1.재무회계_거래처조회권한
영업부문,E_BOM_S,9.표준설계_EBOM조회권한
영업부문,ITEM_I,9.표준설계_품목정보등록권한
영업부문,ITEM_S,9.표준설계_품목코드조회권한
영업부문,M_BOM_S,5.생산관리_MBOM조회권한
영업부문,MATE_S,4.구매관리_구매일반조회권한
영업부문,MRP_S,5.생산관리_MRP 조회권한
영업부문,PMS_I,7.사업관리_프로젝트등록권한
영업부문,PMS_S,7.사업관리_프로젝트조회권한
영업부문,PR_S,4.구매관리_구매요청조회권한
영업부문,PRNT_S,5.생산관리_생산실적조회권한
영업부문,PROD_IN_S,5.생산관리_생산기준조회권한
영업부문,PROD_S,5.생산관리_제조오더조회권한
영업부문,S_DN_REQ_I,3.영업관리_출하요청등록권한
영업부문,S_DN_REQ_S,3.영업관리_출하요청조회권한
영업부문,S_DN_S,6.자재물류_출하조회권한
영업부문,S_EXPORT_I,3.영업관리_수출통관등록권한
영업부문,SALE_I,3.영업관리_영업관리등록권한
영업부문,SALE_S,3.영업관리_영업관리조회권한
영업부문,SHAR_S,0.공통_공유권한
영업부문,STOC_PR_I,6.자재물류_자재출고이동요청권한
영업부문,STOC_PR_S,6.자재물류_자재출고이동요청조회권한
영업부문,STOC_RO_S,6.자재물류_자재물류조회권한
영업부문,STOC_S,6.자재물류_재고관리조회권한
영업팀,BP_S,1.재무회계_거래처조회권한
영업팀,E_BOM_S,9.표준설계_EBOM조회권한
영업팀,ITEM_I,9.표준설계_품목정보등록권한
영업팀,ITEM_S,9.표준설계_품목코드조회권한
영업팀,M_BOM_S,5.생산관리_MBOM조회권한
영업팀,MATE_S,4.구매관리_구매일반조회권한
영업팀,MRP_S,5.생산관리_MRP 조회권한
영업팀,PMS_I,7.사업관리_프로젝트등록권한
영업팀,PMS_S,7.사업관리_프로젝트조회권한
영업팀,PR_S,4.구매관리_구매요청조회권한
영업팀,PRNT_S,5.생산관리_생산실적조회권한
영업팀,PROD_IN_S,5.생산관리_생산기준조회권한
영업팀,PROD_S,5.생산관리_제조오더조회권한
영업팀,S_DN_REQ_I,3.영업관리_출하요청등록권한
영업팀,S_DN_REQ_S,3.영업관리_출하요청조회권한
영업팀,S_DN_S,6.자재물류_출하조회권한
영업팀,S_EXPORT_I,3.영업관리_수출통관등록권한
영업팀,S_EXPORT_S,3.영업관리_수출통관조회권한
영업팀,SALE_I,3.영업관리_영업관리등록권한
영업팀,SALE_S,3.영업관리_영업관리조회권한
영업팀,SHAR_S,0.공통_공유권한
영업팀,STOC_PR_I,6.자재물류_자재출고이동요청권한
영업팀,STOC_PR_S,6.자재물류_자재출고이동요청조회권한
영업팀,STOC_RO_S,6.자재물류_자재물류조회권한
영업팀,STOC_S,6.자재물류_재고관리조회권한
인사부문,ACCT_S_A,"1.재무회계_전체모듈 조회 권한(시스템,인사 제외)"
인사부문,BP_S,1.재무회계_거래처조회권한
인사부문,HR_W,"2.인사급여_세무(원천,기타,사업소득)"
인사부문,HRAUTH,2.인사급여_인사급여관리자
인사부문,SHAR_S,0.공통_공유권한
인사부문,STOC_RO_S,6.자재물류_자재물류조회권한
인사팀,BP_S,1.재무회계_거래처조회권한
인사팀,HR_W,"2.인사급여_세무(원천,기타,사업소득)"
인사팀,HRAUTH,2.인사급여_인사급여관리자
인사팀,SHAR_S,0.공통_공유권한
인사팀,STOC_RO_S,6.자재물류_자재물류조회권한
인사팀,STOC_S,6.자재물류_재고관리조회권한
자금팀,ACCT_C_A,1.재무회계_자금반제권한
자금팀,ACCT_J_I,1.재무회계_재무회계등록권한
자금팀,BASE_BP_ROLE,1.재무회계_금융등록권한
자금팀,BP_S,1.재무회계_거래처조회권한
자금팀,CMS_EBRANCH,1.재무회계_EBRANCH 관리자
자금팀,CMSAUTH,1.재무회계_전자금융CMS 관리자
자금팀,ITEM_S,9.표준설계_품목코드조회권한
자금팀,PR_S,4.구매관리_구매요청조회권한
자금팀,PROD_S,5.생산관리_제조오더조회권한
자금팀,S_DN_REQ_S,3.영업관리_출하요청조회권한
자금팀,SHAR_S,0.공통_공유권한
자금팀,STOC_PR_S,6.자재물류_자재출고이동요청조회권한
자금팀,STOC_RO_S,6.자재물류_자재물류조회권한
자금팀,STOC_S,6.자재물류_재고관리조회권한
자재물류팀,BP_S,1.재무회계_거래처조회권한
자재물류팀,E_BOM_S,9.표준설계_EBOM조회권한
자재물류팀,ITEM_S,9.표준설계_품목코드조회권한
자재물류팀,M_BOM_S,5.생산관리_MBOM조회권한
자재물류팀,MATE_IN_2,4.구매관리_구매입고권한
자재물류팀,MATE_S,4.구매관리_구매일반조회권한
자재물류팀,MRP_S,5.생산관리_MRP 조회권한
자재물류팀,PR_I,4.구매관리_구매요청등록권한
자재물류팀,PR_S,4.구매관리_구매요청조회권한
자재물류팀,PROD_S,5.생산관리_제조오더조회권한
자재물류팀,S_DN_I,6.자재물류_출하등록권한
자재물류팀,S_DN_REQ_I,3.영업관리_출하요청등록권한
자재물류팀,S_DN_REQ_S,3.영업관리_출하요청조회권한
자재물류팀,S_DN_S,6.자재물류_출하조회권한
자재물류팀,S_EXPORT_S,3.영업관리_수출통관조회권한
자재물류팀,SHAR_S,0.공통_공유권한
자재물류팀,STOC_I,6.자재물류_수불관리등록권한
자재물류팀,STOC_PR_I,6.자재물류_자재출고이동요청권한
자재물류팀,STOC_PR_S,6.자재물류_자재출고이동요청조회권한
자재물류팀,STOC_RO_I,6.자재물류_자재물류등록권한
자재물류팀,STOC_RO_S,6.자재물류_자재물류조회권한
자재물류팀,STOC_S,6.자재물류_재고관리조회권한
재무팀,ACCT_J_I,1.재무회계_재무회계등록권한
재무팀,ACCT_J_S,1.재무회계_재무회계조회권한
재무팀,ACCT_S_A,"1.재무회계_전체모듈 조회 권한(시스템,인사 제외)"
재무팀,ACCTAUTH,1.재무회계_회계관리 관리자
재무팀,BP_S,1.재무회계_거래처조회권한
재무팀,CMSAUTH,1.재무회계_전자금융CMS 관리자
재무팀,COST_I,1.재무회계_원가결산실행권한
재무팀,COST_S,1.재무회계_원가결산조회권한
재무팀,E_BOM_S,9.표준설계_EBOM조회권한
재무팀,ITEM_S,9.표준설계_품목코드조회권한
재무팀,M_BOM_S,5.생산관리_MBOM조회권한
재무팀,MATE_S,4.구매관리_구매일반조회권한
재무팀,MRP_S,5.생산관리_MRP 조회권한
재무팀,PMS_S,7.사업관리_프로젝트조회권한
재무팀,PR_S,4.구매관리_구매요청조회권한
재무팀,PRNT_S,5.생산관리_생산실적조회권한
재무팀,PROD_IN_S,5.생산관리_생산기준조회권한
재무팀,PROD_S,5.생산관리_제조오더조회권한
재무팀,S_DN_S,6.자재물류_출하조회권한
재무팀,S_EXPORT_S,3.영업관리_수출통관조회권한
재무팀,SALE_S,3.영업관리_영업관리조회권한
재무팀,SHAR_S,0.공통_공유권한
재무팀,STOC_RO_S,6.자재물류_자재물류조회권한
재무팀,STOC_S,6.자재물류_재고관리조회권한
제어설계팀,BP_S,1.재무회계_거래처조회권한
제어설계팀,E_BOM_I,9.표준설계_EBOM등록권한
제어설계팀,E_BOM_S,9.표준설계_EBOM조회권한
제어설계팀,ITEM_I,9.표준설계_품목정보등록권한
제어설계팀,ITEM_S,9.표준설계_품목코드조회권한
제어설계팀,M_BOM_I,5.생산관리_MBOM등록권한
제어설계팀,M_BOM_S,5.생산관리_MBOM조회권한
제어설계팀,MATE_S,4.구매관리_구매일반조회권한
제어설계팀,MRP_S,5.생산관리_MRP 조회권한
제어설계팀,PR_I,4.구매관리_구매요청등록권한
제어설계팀,PR_S,4.구매관리_구매요청조회권한
제어설계팀,PROD_S,5.생산관리_제조오더조회권한
제어설계팀,S_DN_REQ_S,3.영업관리_출하요청조회권한
제어설계팀,S_DN_S,6.자재물류_출하조회권한
제어설계팀,SHAR_S,0.공통_공유권한
제어설계팀,STOC_PR_I,6.자재물류_자재출고이동요청권한
제어설계팀,STOC_PR_S,6.자재물류_자재출고이동요청조회권한
제어설계팀,STOC_RO_S,6.자재물류_자재물류조회권한
제어설계팀,STOC_S,6.자재물류_재고관리조회권한
제일엠앤에스,ACCT_J_S,1.재무회계_재무회계조회권한
제일엠앤에스,BP_S,1.재무회계_거래처조회권한
제일엠앤에스,E_BOM_I,9.표준설계_EBOM등록권한
제일엠앤에스,E_BOM_S,9.표준설계_EBOM조회권한
제일엠앤에스,ITEM_I,9.표준설계_품목정보등록권한
제일엠앤에스,M_BOM_I,5.생산관리_MBOM등록권한
제일엠앤에스,M_BOM_S,5.생산관리_MBOM조회권한
제일엠앤에스,MATE_S,4.구매관리_구매일반조회권한
제일엠앤에스,MRP_I,5.생산관리_MRP 실행권한
제일엠앤에스,MRP_S,5.생산관리_MRP 조회권한
제일엠앤에스,PMS_I,7.사업관리_프로젝트등록권한
제일엠앤에스,PR_I,4.구매관리_구매요청등록권한
제일엠앤에스,PR_S,4.구매관리_구매요청조회권한
제일엠앤에스,PRNT_S,5.생산관리_생산실적조회권한
제일엠앤에스,PROD_IN_S,5.생산관리_생산기준조회권한
제일엠앤에스,PROD_S,5.생산관리_제조오더조회권한
제일엠앤에스,S_DN_REQ_S,3.영업관리_출하요청조회권한
제일엠앤에스,SALE_S,3.영업관리_영업관리조회권한
제일엠앤에스,SHAR_S,0.공통_공유권한
제일엠앤에스,STOC_PR_S,6.자재물류_자재출고이동요청조회권한
제일엠앤에스,STOC_RO_S,6.자재물류_자재물류조회권한
제일엠앤에스,STOC_S,6.자재물류_재고관리조회권한
제일엠앤에스 미국,BP_S,1.재무회계_거래처조회권한
제일엠앤에스 미국,ITEM_S,9.표준설계_품목코드조회권한
제일엠앤에스 미국,M_BOM_S,5.생산관리_MBOM조회권한
제일엠앤에스 미국,MATE_S,4.구매관리_구매일반조회권한
제일엠앤에스 미국,MRP_S,5.생산관리_MRP 조회권한
제일엠앤에스 미국,PMS_I,7.사업관리_프로젝트등록권한
제일엠앤에스 미국,PR_I,4.구매관리_구매요청등록권한
제일엠앤에스 미국,PR_S,4.구매관리_구매요청조회권한
제일엠앤에스 미국,PROD_S,5.생산관리_제조오더조회권한
제일엠앤에스 미국,S_DN_REQ_S,3.영업관리_출하요청조회권한
제일엠앤에스 미국,S_DN_S,6.자재물류_출하조회권한
제일엠앤에스 미국,SHAR_S,0.공통_공유권한
제일엠앤에스 미국,STOC_PR_I,6.자재물류_자재출고이동요청권한
제일엠앤에스 미국,STOC_PR_S,6.자재물류_자재출고이동요청조회권한
제일엠앤에스 미국,STOC_RO_S,6.자재물류_자재물류조회권한
제일엠앤에스 미국,STOC_S,6.자재물류_재고관리조회권한
제일엠앤에스 스웨덴,BP_S,1.재무회계_거래처조회권한
제일엠앤에스 스웨덴,ITEM_S,9.표준설계_품목코드조회권한
제일엠앤에스 스웨덴,M_BOM_S,5.생산관리_MBOM조회권한
제일엠앤에스 스웨덴,MATE_S,4.구매관리_구매일반조회권한
제일엠앤에스 스웨덴,MRP_S,5.생산관리_MRP 조회권한
제일엠앤에스 스웨덴,PMS_I,7.사업관리_프로젝트등록권한
제일엠앤에스 스웨덴,PR_I,4.구매관리_구매요청등록권한
제일엠앤에스 스웨덴,PR_S,4.구매관리_구매요청조회권한
제일엠앤에스 스웨덴,PROD_S,5.생산관리_제조오더조회권한
제일엠앤에스 스웨덴,S_DN_REQ_S,3.영업관리_출하요청조회권한
제일엠앤에스 스웨덴,S_DN_S,6.자재물류_출하조회권한
제일엠앤에스 스웨덴,SHAR_S,0.공통_공유권한
제일엠앤에스 스웨덴,STOC_PR_S,6.자재물류_자재출고이동요청조회권한
제일엠앤에스 스웨덴,STOC_RO_S,6.자재물류_자재물류조회권한
제일엠앤에스 스웨덴,STOC_S,6.자재물류_재고관리조회권한
제조부문,BP_S,1.재무회계_거래처조회권한
제조부문,E_BOM_I,9.표준설계_EBOM등록권한
제조부문,E_BOM_S,9.표준설계_EBOM조회권한
제조부문,ITEM_I,9.표준설계_품목정보등록권한
제조부문,ITEM_S,9.표준설계_품목코드조회권한
제조부문,M_BOM_I,5.생산관리_MBOM등록권한
제조부문,M_BOM_S,5.생산관리_MBOM조회권한
제조부문,MATE_IN_2,4.구매관리_구매입고권한
제조부문,MATE_S,4.구매관리_구매일반조회권한
제조부문,MRP_S,5.생산관리_MRP 조회권한
제조부문,PR_I,4.구매관리_구매요청등록권한
제조부문,PR_S,4.구매관리_구매요청조회권한
제조부문,PRNT_I,5.생산관리_생산실적등록권한
제조부문,PRNT_S,5.생산관리_생산실적조회권한
제조부문,PROD_I,5.생산관리_제조오더생성권한
제조부문,PROD_IN_I,5.생산관리_생산기준등록권한
제조부문,PROD_IN_S,5.생산관리_생산기준조회권한
제조부문,PROD_S,5.생산관리_제조오더조회권한
제조부문,S_DN_REQ_S,3.영업관리_출하요청조회권한
제조부문,S_DN_S,6.자재물류_출하조회권한
제조부문,SHAR_S,0.공통_공유권한
제조부문,STOC_PR_I,6.자재물류_자재출고이동요청권한
제조부문,STOC_PR_S,6.자재물류_자재출고이동요청조회권한
제조부문,STOC_RO_S,6.자재물류_자재물류조회권한
제조부문,STOC_S,6.자재물류_재고관리조회권한
총무팀,BP_S,1.재무회계_거래처조회권한
총무팀,PROD_S,5.생산관리_제조오더조회권한
총무팀,S_DN_REQ_S,3.영업관리_출하요청조회권한
총무팀,SHAR_S,0.공통_공유권한
총무팀,STOC_RO_S,6.자재물류_자재물류조회권한
총무팀,STOC_S,6.자재물류_재고관리조회권한
품질팀,BP_S,1.재무회계_거래처조회권한
품질팀,ITEM_S,9.표준설계_품목코드조회권한
품질팀,M_BOM_S,5.생산관리_MBOM조회권한
품질팀,MATE_S,4.구매관리_구매일반조회권한
품질팀,PR_I,4.구매관리_구매요청등록권한
품질팀,PR_S,4.구매관리_구매요청조회권한
품질팀,PROD_S,5.생산관리_제조오더조회권한
품질팀,S_DN_REQ_S,3.영업관리_출하요청조회권한
품질팀,SHAR_S,0.공통_공유권한
품질팀,STOC_PR_I,6.자재물류_자재출고이동요청권한
품질팀,STOC_PR_S,6.자재물류_자재출고이동요청조회권한
품질팀,STOC_RO_S,6.자재물류_자재물류조회권한
품질팀,STOC_S,6.자재물류_재고관리조회권한
프리랜서,ACCT_J_I,1.재무회계_재무회계등록권한
프리랜서,ACCT_J_S,1.재무회계_재무회계조회권한
프리랜서,ACCT_S_A,"1.재무회계_전체모듈 조회 권한(시스템,인사 제외)"
프리랜서,ACCTAUTH,1.재무회계_회계관리 관리자
프리랜서,BP_S,1.재무회계_거래처조회권한
프리랜서,CMSAUTH,1.재무회계_전자금융CMS 관리자
프리랜서,COST_I,1.재무회계_원가결산실행권한
프리랜서,COST_S,1.재무회계_원가결산조회권한
프리랜서,E_BOM_S,9.표준설계_EBOM조회권한
프리랜서,ITEM_S,9.표준설계_품목코드조회권한
프리랜서,M_BOM_S,5.생산관리_MBOM조회권한
프리랜서,MATE_S,4.구매관리_구매일반조회권한
프리랜서,MRP_S,5.생산관리_MRP 조회권한
프리랜서,PMS_S,7.사업관리_프로젝트조회권한
프리랜서,PR_S,4.구매관리_구매요청조회권한
프리랜서,PRNT_S,5.생산관리_생산실적조회권한
프리랜서,PROD_IN_S,5.생산관리_생산기준조회권한
프리랜서,PROD_S,5.생산관리_제조오더조회권한
프리랜서,S_DN_S,6.자재물류_출하조회권한
프리랜서,S_EXPORT_S,3.영업관리_수출통관조회권한
프리랜서,SALE_S,3.영업관리_영업관리조회권한
프리랜서,SHAR_S,0.공통_공유권한
프리랜서,STOC_RO_S,6.자재물류_자재물류조회권한
프리랜서,STOC_S,6.자재물류_재고관리조회권한
헝가리기술팀,BP_S,1.재무회계_거래처조회권한
헝가리기술팀,SHAR_S,0.공통_공유권한
헝가리지원팀,BP_S,1.재무회계_거래처조회권한
헝가리지원팀,SHAR_S,0.공통_공유권한
BDP본부,BP_S,1.재무회계_거래처조회권한
BDP본부,E_BOM_S,9.표준설계_EBOM조회권한
BDP본부,ITEM_S,9.표준설계_품목코드조회권한
BDP본부,M_BOM_S,5.생산관리_MBOM조회권한
BDP본부,MATE_I,4.구매관리_구매관리등록권한
BDP본부,MATE_IN_I,4.구매관리_기준정보등록권한
BDP본부,MATE_S,4.구매관리_구매일반조회권한
BDP본부,MRP_S,5.생산관리_MRP 조회권한
BDP본부,PR_I,4.구매관리_구매요청등록권한
BDP본부,PR_S,4.구매관리_구매요청조회권한
BDP본부,PROD_S,5.생산관리_제조오더조회권한
BDP본부,S_DN_REQ_S,3.영업관리_출하요청조회권한
BDP본부,SHAR_S,0.공통_공유권한
BDP본부,STOC_PR_I,6.자재물류_자재출고이동요청권한
BDP본부,STOC_PR_S,6.자재물류_자재출고이동요청조회권한
BDP본부,STOC_RO_S,6.자재물류_자재물류조회권한
BDP본부,STOC_S,6.자재물류_재고관리조회권한
CM팀,BP_S,1.재무회계_거래처조회권한
CM팀,E_BOM_S,9.표준설계_EBOM조회권한
CM팀,ITEM_S,9.표준설계_품목코드조회권한
CM팀,M_BOM_S,5.생산관리_MBOM조회권한
CM팀,MATE_S,4.구매관리_구매일반조회권한
CM팀,MRP_S,5.생산관리_MRP 조회권한
CM팀,PMS_S,7.사업관리_프로젝트조회권한
CM팀,PR_I,4.구매관리_구매요청등록권한
CM팀,PR_S,4.구매관리_구매요청조회권한
CM팀,PROD_S,5.생산관리_제조오더조회권한
CM팀,S_DN_REQ_S,3.영업관리_출하요청조회권한
CM팀,S_DN_S,6.자재물류_출하조회권한
CM팀,SHAR_S,0.공통_공유권한
CM팀,STOC_PR_I,6.자재물류_자재출고이동요청권한
CM팀,STOC_PR_S,6.자재물류_자재출고이동요청조회권한
CM팀,STOC_RO_S,6.자재물류_자재물류조회권한
CM팀,STOC_S,6.자재물류_재고관리조회권한
EM팀,BP_S,1.재무회계_거래처조회권한
EM팀,E_BOM_I,9.표준설계_EBOM등록권한
EM팀,E_BOM_S,9.표준설계_EBOM조회권한
EM팀,ITEM_I,9.표준설계_품목정보등록권한
EM팀,ITEM_S,9.표준설계_품목코드조회권한
EM팀,M_BOM_S,5.생산관리_MBOM조회권한
EM팀,MATE_S,4.구매관리_구매일반조회권한
EM팀,MRP_S,5.생산관리_MRP 조회권한
EM팀,PR_I,4.구매관리_구매요청등록권한
EM팀,PR_S,4.구매관리_구매요청조회권한
EM팀,PROD_S,5.생산관리_제조오더조회권한
EM팀,S_DN_REQ_S,3.영업관리_출하요청조회권한
EM팀,SHAR_S,0.공통_공유권한
EM팀,STOC_PR_S,6.자재물류_자재출고이동요청조회권한
EM팀,STOC_RO_S,6.자재물류_자재물류조회권한
EM팀,STOC_S,6.자재물류_재고관리조회권한
EPC본부,BP_S,1.재무회계_거래처조회권한
EPC본부,E_BOM_I,9.표준설계_EBOM등록권한
EPC본부,E_BOM_S,9.표준설계_EBOM조회권한
EPC본부,ITEM_I,9.표준설계_품목정보등록권한
EPC본부,M_BOM_I,5.생산관리_MBOM등록권한
EPC본부,M_BOM_S,5.생산관리_MBOM조회권한
EPC본부,MATE_S,4.구매관리_구매일반조회권한
EPC본부,MRP_I,5.생산관리_MRP 실행권한
EPC본부,MRP_S,5.생산관리_MRP 조회권한
EPC본부,PMS_I,7.사업관리_프로젝트등록권한
EPC본부,PR_I,4.구매관리_구매요청등록권한
EPC본부,PR_S,4.구매관리_구매요청조회권한
EPC본부,PRNT_S,5.생산관리_생산실적조회권한
EPC본부,PROD_IN_I,5.생산관리_생산기준등록권한
EPC본부,PROD_IN_S,5.생산관리_생산기준조회권한
EPC본부,PROD_S,5.생산관리_제조오더조회권한
EPC본부,S_DN_REQ_S,3.영업관리_출하요청조회권한
EPC본부,SHAR_S,0.공통_공유권한
EPC본부,STOC_PR_S,6.자재물류_자재출고이동요청조회권한
EPC본부,STOC_RO_S,6.자재물류_자재물류조회권한
EPC본부,STOC_S,6.자재물류_재고관리조회권한
IT팀,ACCT_J_S,1.재무회계_재무회계조회권한
IT팀,BIZAUTH,-. 시스템 전체권한
IT팀,BP_S,1.재무회계_거래처조회권한
IT팀,E_BOM_I,9.표준설계_EBOM등록권한
IT팀,ITEM_I,9.표준설계_품목정보등록권한
IT팀,M_BOM_I,5.생산관리_MBOM등록권한
IT팀,MATE_IN_I,4.구매관리_기준정보등록권한
IT팀,MRP_I,5.생산관리_MRP 실행권한
IT팀,PMS_I,7.사업관리_프로젝트등록권한
IT팀,PR_S,4.구매관리_구매요청조회권한
IT팀,PROD_I,5.생산관리_제조오더생성권한
IT팀,PROD_IN_I,5.생산관리_생산기준등록권한
IT팀,PROD_S,5.생산관리_제조오더조회권한
IT팀,S_DN_I,6.자재물류_출하등록권한
IT팀,SALE_S,3.영업관리_영업관리조회권한
IT팀,SHAR_Q,0.공통_설정권한
IT팀,SHAR_S,0.공통_공유권한
IT팀,STOC_PR_S,6.자재물류_자재출고이동요청조회권한
IT팀,STOC_RO_S,6.자재물류_자재물류조회권한
IT팀,STOC_S,6.자재물류_재고관리조회권한
PM팀,BP_S,1.재무회계_거래처조회권한
PM팀,E_BOM_S,9.표준설계_EBOM조회권한
PM팀,ITEM_I,9.표준설계_품목정보등록권한
PM팀,ITEM_S,9.표준설계_품목코드조회권한
PM팀,M_BOM_S,5.생산관리_MBOM조회권한
PM팀,MATE_S,4.구매관리_구매일반조회권한
PM팀,MRP_S,5.생산관리_MRP 조회권한
PM팀,PMS_I,7.사업관리_프로젝트등록권한
PM팀,PMS_S,7.사업관리_프로젝트조회권한
PM팀,PR_I,4.구매관리_구매요청등록권한
PM팀,PR_S,4.구매관리_구매요청조회권한
PM팀,PRNT_S,5.생산관리_생산실적조회권한
PM팀,PROD_S,5.생산관리_제조오더조회권한
PM팀,S_DN_REQ_I,3.영업관리_출하요청등록권한
PM팀,S_DN_REQ_S,3.영업관리_출하요청조회권한
PM팀,S_DN_S,6.자재물류_출하조회권한
PM팀,SHAR_S,0.공통_공유권한
PM팀,STOC_PR_I,6.자재물류_자재출고이동요청권한
PM팀,STOC_PR_S,6.자재물류_자재출고이동요청조회권한
PM팀,STOC_RO_S,6.자재물류_자재물류조회권한
PM팀,STOC_S,6.자재물류_재고관리조회권한
R&D팀,BP_S,1.재무회계_거래처조회권한
R&D팀,E_BOM_I,9.표준설계_EBOM등록권한
R&D팀,E_BOM_S,9.표준설계_EBOM조회권한
R&D팀,ITEM_I,9.표준설계_품목정보등록권한
R&D팀,ITEM_S,9.표준설계_품목코드조회권한
R&D팀,M_BOM_I,5.생산관리_MBOM등록권한
R&D팀,M_BOM_S,5.생산관리_MBOM조회권한
R&D팀,MATE_S,4.구매관리_구매일반조회권한
R&D팀,MRP_S,5.생산관리_MRP 조회권한
R&D팀,PR_I,4.구매관리_구매요청등록권한
R&D팀,PR_S,4.구매관리_구매요청조회권한
R&D팀,PROD_S,5.생산관리_제조오더조회권한
R&D팀,S_DN_REQ_S,3.영업관리_출하요청조회권한
R&D팀,SHAR_S,0.공통_공유권한
R&D팀,STOC_PR_S,6.자재물류_자재출고이동요청조회권한
R&D팀,STOC_RO_S,6.자재물류_자재물류조회권한
R&D팀,STOC_S,6.자재물류_재고관리조회권한
